Cseppben az élet,hu,10,00
Kék menet,hu,10,00
Közös Többszörös,hu,10,00
Suli-Buli,hu,10,00
12 hónap az erdőn,hu,10,00
Mazsola és Tádé,hu,10,00
Forbidden Zones,hu,10,00
The History of Hungary,hu,10,00
Bogaras szülők,hu,10,00
TIMEOUT Podcast,hu,10,00
Mirr Murr a kandúr,hu,10,00
Másfélmillió lépés Magyarországon,hu,10,00
Háború a nemzet ellen,hu,10,00
Bogyó és Babóca,hu,10,00
Éjjel-Nappal Budapest,hu,10,00
Mint oldott kéve 1983,hu,10,00
Indonézia 4 arca,hu,10,00
Mire megvénülünk,hu,10,00
"LSB, the Series",hu,10,00
"Száz vasutat, ezeret...",hu,10,00
Comedy Club,hu,9,50
In Treatment,hu,9,25
JÓLVANEZÍGY,hu,9,00
A 78-as körzet,hu,9,00
Vastyúk is talál szeget,hu,9,00
Totalcar,hu,9,00
X-Faktor,hu,9,00
Showder Klub,hu,9,00
One Summer Adventure,hu,8,90
Toldi,hu,8,80
Fapad,hu,8,80
Bátrak földje,hu,8,70
Our Little Village,hu,8,50
"Cuki, a kiskukac kalandjai",hu,8,50
Szomszédok,hu,8,44
The King,hu,8,40
200 First Dates,hu,8,40
Golden Life,hu,8,15
The Mézga Family,hu,8,00
Ázsia Expre