Want to See You,vi,10,00
Stupid Genius,vi,10,00
Descendants of the Sun,vi,10,00
REAPERS TV,vi,10,00
ViAn,vi,10,00
Stage Of Love: The Series,vi,10,00
Nơi giải tỏa căng thẳng cho Dev,vi,10,00
A Lifetime of Resentment,vi,10,00
Mickey Mouse Club,vi,10,00
Nation's Brother,vi,10,00
Love Bill,vi,10,00
Đấu Phá Thương Khung 2D,vi,10,00
Bình Minh Phía Trước,vi,10,00
Don't Vex a Mom!,vi,10,00
The Letters,vi,10,00
Hellbound Village,vi,10,00
Đường Lên Điện Biên,vi,10,00
Mr. Cinderella,vi,9,80
Hellbound Village,vi,9,50
Suddenly Happy Family,vi,9,50
Suddenly Want to Cry,vi,9,00
Papa,vi,9,00
My Lascivious Boss,vi,8,50
Follow My Sunshine The Series,vi,8,00
The Switch,vi,8,00
Beauty SaiGon,vi,8,00
way of the dragon,vi,8,00
Giant Not Husband,vi,8,00
Nguyên Soái Vui Vẽ,vi,8,00
You Are My Sunshine,vi,8,00
Remember In Who,vi,8,00
Mê Cung,vi,8,00
Extremely Perilous Love,vi,7,67
11 Months and 5 Days,vi,7,50
You Are My Boy,vi,7,00
Paris By Night,vi,7,00
Ly Thuong Kiet,vi,7,00
How Beautiful Life is Sti